,hazard-category,product-category,hazard,product
0,chemical,"nuts, nut products and seeds",sulfamethazine unauthorised,ham slices
1,chemical,seafood,sulfamethazine unauthorised,ham slices
2,chemical,"nuts, nut products and seeds",sulfamethazine unauthorised,ham slices
3,foreign bodies,"nuts, nut products and seeds",glass fragment,cranberry jam
4,biological,ices and desserts,phenylpyrazole,ice cream
5,chemical,non-alcoholic beverages,glass fragment,fruit juice
6,foreign bodies,prepared dishes and snacks,metal fragment,ricotta cheese
7,biological,"meat, egg and dairy products",phenylpyrazole,pickled radish
8,foreign bodies,prepared dishes and snacks,listeria spp,bolognese sauce
9,biological,seafood,other not classified biological hazards,fish products
10,biological,"meat, egg and dairy products",escherichia coli,ground beef
11,chemical,herbs and spices,chemical,ham slices
12,chemical,ices and desserts,abnormal smell,ices and desserts
13,chemical,cereals and bakery products,abnormal smell,custard
14,chemical,fats and oils,polycyclic aromatic hydrocarbons,olive oil
15,organoleptic aspects,cereals and bakery products,hazelnut,muffins
16,chemical,herbs and spices,chemical,ham slices
17,packaging defect,alcoholic beverages,glass fragment,beer
18,foreign bodies,seafood,other not classified chemical hazards,crabs
19,foreign bodies,cereals and bakery products,listeria spp,bread
20,food additives and flavourings,fruits and vegetables,chemical compound (high content),soy sauce
21,chemical,"soups, broths, sauces and condiments",chemical compound (high content),noodles
22,biological,prepared dishes and snacks,phenylpyrazole,feta cheese
23,foreign bodies,prepared dishes and snacks,labelling/misdescription,soup
24,foreign bodies,"soups, broths, sauces and condiments",labelling/misdescription,noodles
25,foreign bodies,prepared dishes and snacks,other not classified chemical hazards,pasta sauce
26,foreign bodies,cereals and bakery products,labelling/misdescription,cakes
27,foreign bodies,"meat, egg and dairy products",listeria spp,salami
28,chemical,"cocoa and cocoa preparations, coffee and tea",labelling/misdescription,chocolate drink powder
29,foreign bodies,alcoholic beverages,glass fragment,wine
30,foreign bodies,"meat, egg and dairy products",pieces of wood,pasteurized cow milk cheese
31,fraud,"soups, broths, sauces and condiments",phenylpyrazole,pasta sauce
32,allergens,ices and desserts,milk and products thereof,protein powder
33,biological,prepared dishes and snacks,sulfamethazine unauthorised,chicken breast
34,foreign bodies,"meat, egg and dairy products",plastic fragment,hard cheese
35,chemical,"dietetic foods, food supplements, fortified foods",labelling/misdescription,water for infants
36,food additives and flavourings,confectionery,glass fragment,milk chocolates
37,food additives and flavourings,cereals and bakery products,labelling/misdescription,marzipan
38,biological,"cocoa and cocoa preparations, coffee and tea",glass fragment,muffins
39,chemical,herbs and spices,other not classified chemical hazards,curry
40,foreign bodies,cereals and bakery products,labelling/misdescription,bread
41,foreign bodies,"meat, egg and dairy products",other not classified chemical hazards,hard cheese
42,foreign bodies,cereals and bakery products,labelling/misdescription,rice crackers
43,foreign bodies,"meat, egg and dairy products",phenylpyrazole,turkey based products
44,chemical,herbs and spices,labelling/misdescription,garlic powder
45,chemical,seafood,abnormal smell,prawns
46,fraud,prepared dishes and snacks,labelling/misdescription,chicken preparations
47,allergens,ices and desserts,cereals containing gluten and products thereof,ice cream
48,foreign bodies,fruits and vegetables,foreign bodies,sprouts
49,biological,"meat, egg and dairy products",phenylpyrazole,lamb
50,fraud,"meat, egg and dairy products",stones,frozen beef products
51,biological,"meat, egg and dairy products",metal fragment,dried anchovies
52,chemical,cereals and bakery products,phenylpyrazole,milk proteins
53,biological,non-alcoholic beverages,bacillus spp.,bottled water
54,chemical,"meat, egg and dairy products",labelling/misdescription,cheddar cheese
55,chemical,cereals and bakery products,other,rice
56,biological,non-alcoholic beverages,escherichia coli,bottled water
57,foreign bodies,"meat, egg and dairy products",sulfamethazine unauthorised,thermal processed beef meat
58,chemical,alcoholic beverages,yeasts,wine
59,food additives and flavourings,cereals and bakery products,nuts,confectionery
60,foreign bodies,"meat, egg and dairy products",listeria monocytogenes,beef
61,foreign bodies,"nuts, nut products and seeds",insects,white cheese
62,food additives and flavourings,prepared dishes and snacks,abnormal smell,potato chips
63,biological,"nuts, nut products and seeds",peanuts and products thereof,peanuts
64,foreign bodies,"soups, broths, sauces and condiments",glass fragment,soy sauce
65,biological,ices and desserts,phenylpyrazole,ice cream
66,biological,ices and desserts,peanuts and products thereof,ice cream
67,biological,ices and desserts,peanuts and products thereof,ice cream
68,organoleptic aspects,ices and desserts,abnormal smell,ice cream
69,biological,ices and desserts,labelling/misdescription,ice cream
70,biological,ices and desserts,peanuts and products thereof,ice cream
71,biological,ices and desserts,peanuts and products thereof,ice cream
72,foreign bodies,"meat, egg and dairy products",phenylpyrazole,thermal processed pork meat
73,biological,ices and desserts,pathogenic bacteria,ice cream
74,biological,ices and desserts,cashew,ice cream
75,fraud,cereals and bakery products,labelling/misdescription,various bakery products
76,foreign bodies,"nuts, nut products and seeds",peanuts and products thereof,peanuts
77,chemical,prepared dishes and snacks,phenylpyrazole,cheddar cheese
78,chemical,"meat, egg and dairy products",dairy products,raw milk
79,allergens,ices and desserts,almond,ices and desserts
80,foreign bodies,ices and desserts,glass fragment,ice cream
81,food additives and flavourings,fruits and vegetables,nuts,apricot kernels
82,foreign bodies,"meat, egg and dairy products",unfit for human consumption,custard
83,foreign bodies,"meat, egg and dairy products",insufficient labelling/documentation,soft cheese
84,food additives and flavourings,prepared dishes and snacks,sesame seeds and products thereof,sesame
85,food additives and flavourings,confectionery,glass fragment,jellies
86,chemical,prepared dishes and snacks,other not classified hazards for foreign bodies,potato chips
87,chemical,"nuts, nut products and seeds",sesame seeds and products thereof,sesame seeds
88,biological,fruits and vegetables,phenylpyrazole,pasta salad
89,biological,"meat, egg and dairy products",salmonella,chicken meat products
90,foreign bodies,prepared dishes and snacks,labelling/misdescription,frozen ready to cook chicken
91,biological,non-alcoholic beverages,escherichia coli,spring water
92,chemical,"meat, egg and dairy products",phenylpyrazole,grapes
93,biological,cereals and bakery products,glass fragment,yoghurt
94,fraud,cereals and bakery products,other,bakery products
95,allergens,"nuts, nut products and seeds",peanuts and products thereof,cookies
96,allergens,cereals and bakery products,milk and products thereof,snacks (various)
97,biological,seafood,unfit for human consumption,salmon
98,foreign bodies,prepared dishes and snacks,labelling/misdescription,spring rolls
99,food additives and flavourings,"nuts, nut products and seeds",almond,almond kernels
100,chemical,fats and oils,unauthorised colour sudan 4,palm oil
101,fraud,"meat, egg and dairy products",phenylpyrazole,chorizo sausage
102,biological,ices and desserts,microbiological contamination,ice cream
103,chemical,fruits and vegetables,pahs,alfalfa sprouts
104,foreign bodies,alcoholic beverages,glass fragment,non-alcoholic beer
105,other hazard,"meat, egg and dairy products",phenylpyrazole,salt
106,foreign bodies,cereals and bakery products,labelling/misdescription,cookies
107,chemical,fruits and vegetables,chemical compound (high content),algae
108,foreign bodies,prepared dishes and snacks,labelling/misdescription,tapioca chips
109,biological,prepared dishes and snacks,listeria monocytogenes,thermal processed beef meat
110,biological,prepared dishes and snacks,phenylpyrazole,sandwiches
111,allergens,ices and desserts,peanuts and products thereof,ice cream
112,food additives and flavourings,seafood,glass fragment,seafood
113,biological,"meat, egg and dairy products",listeria monocytogenes,halloumi cheese
114,allergens,"meat, egg and dairy products",insufficient labelling/documentation,beef products
115,biological,prepared dishes and snacks,listeria monocytogenes,chicken based products
116,fraud,herbs and spices,inspection issues,chilli powder
117,allergens,prepared dishes and snacks,insufficient labelling/documentation,wraps
118,allergens,"meat, egg and dairy products",insufficient labelling/documentation,pork sausage
119,foreign bodies,cereals and bakery products,metal fragment,cookies
120,allergens,"meat, egg and dairy products",insufficient labelling/documentation,sausage products
121,biological,non-alcoholic beverages,abnormal smell,fruit juice
122,allergens,confectionery,milk and products thereof,chocolate
123,allergens,"meat, egg and dairy products",insufficient labelling/documentation,Veggie Burger
124,biological,"meat, egg and dairy products",listeria monocytogenes,chorizo sausage
125,biological,fruits and vegetables,escherichia coli,salad dressing
126,biological,"meat, egg and dairy products",taste disturbance,raw milk
127,biological,"meat, egg and dairy products",phenylpyrazole,hard cheese
128,biological,fruits and vegetables,escherichia coli,other dairy products
129,food additives and flavourings,cereals and bakery products,taste disturbance,wraps
130,biological,"nuts, nut products and seeds",salmonella,almonds
131,foreign bodies,"cocoa and cocoa preparations, coffee and tea",stones,ham slices
132,chemical,fruits and vegetables,labelling/misdescription,mango
133,food additives and flavourings,fruits and vegetables,sulfamethazine unauthorised,instant drink/drinking powder
134,biological,"nuts, nut products and seeds",cashew,peanuts
135,biological,"nuts, nut products and seeds",salmonella,almonds
136,allergens,"meat, egg and dairy products",insufficient labelling/documentation,chicken products - frozen
137,biological,ices and desserts,salmonella,ice cream
138,chemical,"cocoa and cocoa preparations, coffee and tea",abnormal smell,chocolate bars
139,biological,"meat, egg and dairy products",escherichia coli,ground beef meat
140,allergens,ices and desserts,cereals containing gluten and products thereof,ice cream
141,chemical,fruits and vegetables,chemical,spinach
142,foreign bodies,"cocoa and cocoa preparations, coffee and tea",stones,ham slices
143,chemical,herbs and spices,chemical,ham slices
144,other hazard,"meat, egg and dairy products",phenylpyrazole,lasagne
145,allergens,"meat, egg and dairy products",insufficient labelling/documentation,frozen pork preparations
146,foreign bodies,prepared dishes and snacks,other not classified hazards for foreign bodies,pizza
147,fraud,"meat, egg and dairy products",inspection issues,pork sausage
148,foreign bodies,cereals and bakery products,glass fragment,rice crackers
149,allergens,"meat, egg and dairy products",insufficient labelling/documentation,frozen chicken strips with tendons
150,chemical,seafood,too high content of fluorinated organic chemicals,salmon
151,food additives and flavourings,fruits and vegetables,milk and products thereof,tapioca chips
152,foreign bodies,"cocoa and cocoa preparations, coffee and tea",glass fragment,chocolate bars
153,foreign bodies,"meat, egg and dairy products",plastic fragment,mechanically separated chicken meat
154,biological,"nuts, nut products and seeds",hazelnut,hazelnuts
155,allergens,prepared dishes and snacks,chemical,carbonated beverage
156,foreign bodies,"nuts, nut products and seeds",hazelnut,hazelnuts
157,chemical,"nuts, nut products and seeds",hazelnut,hazelnuts
158,biological,"nuts, nut products and seeds",hazelnut,hazelnuts
159,allergens,confectionery,peanuts and products thereof,jellies
160,biological,"nuts, nut products and seeds",pistachio nut,pistachio nuts
161,biological,"nuts, nut products and seeds",pistachio nut,pistachio nuts
162,allergens,cereals and bakery products,milk and products thereof,bread and products therefor
163,biological,"nuts, nut products and seeds",pistachio nut,pistachio nuts
164,biological,"nuts, nut products and seeds",pistachio nut,pistachio nuts
165,biological,"nuts, nut products and seeds",phenylpyrazole,cookies
166,foreign bodies,"cocoa and cocoa preparations, coffee and tea",phenylpyrazole,chocolate
167,biological,"nuts, nut products and seeds",peanuts and products thereof,snack mix
168,biological,seafood,listeria monocytogenes,herring
169,chemical,"nuts, nut products and seeds",peanuts and products thereof,peanuts
170,biological,ices and desserts,glass fragment,ice cream
171,biological,"meat, egg and dairy products",listeria monocytogenes,gorgonzola cheese
172,biological,fruits and vegetables,phenylpyrazole,alfalfa sprouts
173,biological,"meat, egg and dairy products",escherichia coli,beef products
174,foreign bodies,cereals and bakery products,labelling/misdescription,bread
175,biological,fruits and vegetables,salmonella,garlic powder
176,chemical,herbs and spices,chemical,ham slices
177,chemical,"meat, egg and dairy products",phenylpyrazole,chicken breast
178,chemical,alcoholic beverages,glass fragment,vodka
179,allergens,"soups, broths, sauces and condiments",insufficient labelling/documentation,noodle soup
180,biological,"meat, egg and dairy products",listeria monocytogenes,sliced ham
181,allergens,"meat, egg and dairy products",allergens,chicken products - frozen
182,allergens,ices and desserts,nuts,ice cream
183,chemical,"nuts, nut products and seeds",hazelnut,cinnamon
184,foreign bodies,prepared dishes and snacks,e 425 - konjac unauthorised,potato chips
185,chemical,fruits and vegetables,phenylpyrazole,coriander
186,chemical,"nuts, nut products and seeds",other not classified allergen hazards,bananas
187,fraud,prepared dishes and snacks,inspection issues,ham slices
188,allergens,"meat, egg and dairy products",insufficient labelling/documentation,pork meat
189,biological,prepared dishes and snacks,listeria monocytogenes,prepared salads
190,foreign bodies,prepared dishes and snacks,phenylpyrazole,plum bread &amp; butter pudding
191,biological,fruits and vegetables,other not classified biological hazards,apple juice
192,fraud,"meat, egg and dairy products",chemical,minced pork
193,food additives and flavourings,"meat, egg and dairy products",phenylpyrazole,chicken
194,biological,"nuts, nut products and seeds",salmonella,chia seeds
195,biological,"nuts, nut products and seeds",salmonella,chia seeds
196,foreign bodies,non-alcoholic beverages,metal fragment,bottled mineral water
197,other hazard,seafood,pieces of wood,carcasses of veal
198,allergens,"meat, egg and dairy products",insufficient labelling/documentation,turkey and turkey preparations
199,allergens,prepared dishes and snacks,insufficient labelling/documentation,buns
200,allergens,prepared dishes and snacks,soybeans and products thereof,chorizo sausage
201,fraud,"meat, egg and dairy products",chemical,minced pork
202,allergens,"meat, egg and dairy products",cereals containing gluten and products thereof,thermal processed pork meat
203,biological,cereals and bakery products,metal fragment,quinoa
204,foreign bodies,"meat, egg and dairy products",other not classified hazards for foreign bodies,beef products
205,foreign bodies,seafood,foreign bodies,fish products
206,chemical,"nuts, nut products and seeds",peanuts and products thereof,ground almonds
207,biological,"meat, egg and dairy products",escherichia coli,ground beef
208,biological,prepared dishes and snacks,listeria monocytogenes,prepared salads
209,food additives and flavourings,cereals and bakery products,spoilage,tahini
210,foreign bodies,"meat, egg and dairy products",abnormal smell,minced beef
211,fraud,"soups, broths, sauces and condiments",chemical compound (high content),noodles
212,biological,"meat, egg and dairy products",listeria monocytogenes,chicken breast
213,organoleptic aspects,"meat, egg and dairy products",spoilage,pasteurized milk
214,fraud,"meat, egg and dairy products",unauthorised import,lamb
215,allergens,prepared dishes and snacks,eggs and products thereof,prepared salads
216,foreign bodies,"soups, broths, sauces and condiments",plastic fragment,pasta sauce
217,allergens,"meat, egg and dairy products",insufficient labelling/documentation,Not classified pork meat
218,foreign bodies,"nuts, nut products and seeds",phenylpyrazole,raisins
219,organoleptic aspects,"nuts, nut products and seeds",spoilage,yoghurt
220,foreign bodies,cereals and bakery products,bulging packaging,cheddar cheese
221,fraud,cereals and bakery products,cereals containing gluten and products thereof,gluten free bread
222,biological,"meat, egg and dairy products",escherichia coli,ground beef
223,allergens,prepared dishes and snacks,incorrect labeling,prepared salads
224,chemical,seafood,bulging packaging,chocolate and hazelnut spread
225,foreign bodies,"meat, egg and dairy products",metal fragment,pork sausage
226,biological,ices and desserts,other not classified biological hazards,ice cream
227,biological,ices and desserts,dairy products,ice cream
228,fraud,"meat, egg and dairy products",inspection issues,lamb
229,food additives and flavourings,"nuts, nut products and seeds",phenylpyrazole,golden raisins/sultanas
230,fraud,"meat, egg and dairy products",inspection issues,fresh pork
231,allergens,fruits and vegetables,walnut,olives
232,fraud,"meat, egg and dairy products",inspection issues,fresh pork
233,fraud,"meat, egg and dairy products",inspection issues,duck
234,biological,"nuts, nut products and seeds",salmonella,melon seeds
235,chemical,"soups, broths, sauces and condiments",foreign bodies,chilli sauce
236,food additives and flavourings,"nuts, nut products and seeds",phenylpyrazole,golden raisins/sultanas
237,foreign bodies,seafood,abnormal smell,ham slices
238,fraud,prepared dishes and snacks,inspection issues,frozen pork preparations
239,allergens,"meat, egg and dairy products",insufficient labelling/documentation,pork shoulder
240,chemical,alcoholic beverages,damaged packaging,wine
241,chemical,alcoholic beverages,chemical compound (high content),wine
242,other hazard,fruits and vegetables,clostridium botulinum,spices
243,other hazard,"dietetic foods, food supplements, fortified foods",other not classified,chocolate and strawberry flavoured cyclone milk
244,foreign bodies,"cocoa and cocoa preparations, coffee and tea",labelling/misdescription,chocolate eggs
245,biological,seafood,almond,salmon
246,foreign bodies,"dietetic foods, food supplements, fortified foods",metal fragment,protein drink
247,other hazard,"soups, broths, sauces and condiments",plastic fragment,dipping sauce
248,foreign bodies,"dietetic foods, food supplements, fortified foods",phenylpyrazole,candies
249,packaging defect,alcoholic beverages,bulging packaging,wine
250,food additives and flavourings,herbs and spices,phenylpyrazole,golden raisins/sultanas
251,allergens,"meat, egg and dairy products",incorrect labeling,frozen pork preparations
252,allergens,"meat, egg and dairy products",insufficient labelling/documentation,beef
253,allergens,fruits and vegetables,incorrect labeling,sausage products
254,chemical,herbs and spices,other,spices
255,biological,"meat, egg and dairy products",bulging packaging,potato salad
256,allergens,"meat, egg and dairy products",incorrect labeling,frozen pork preparations
257,allergens,fruits and vegetables,milk and products thereof,coconuts
258,packaging defect,alcoholic beverages,bulging packaging,wine
259,chemical,herbs and spices,phenylpyrazole,black pepper
260,biological,fruits and vegetables,staphylococcus,mashed chickpeas (hummus)
261,allergens,prepared dishes and snacks,insufficient labelling/documentation,turkey based products
262,chemical,herbs and spices,sulphur dioxide and sulphites,mixed spices
263,biological,"meat, egg and dairy products",escherichia coli,beef products
264,fraud,"meat, egg and dairy products",inspection issues,raw beef meat
265,allergens,"meat, egg and dairy products",insufficient labelling/documentation,cooked sausages
266,allergens,cereals and bakery products,cereals containing gluten and products thereof,snacks (various)
267,organoleptic aspects,fruits and vegetables,milk and products thereof,coconuts
268,biological,"meat, egg and dairy products",listeria monocytogenes,various beef products
269,allergens,"soups, broths, sauces and condiments",eggs and products thereof,salad dressing
270,allergens,fruits and vegetables,sulphur dioxide and sulphites,cauliflower
271,biological,"meat, egg and dairy products",escherichia coli,ground beef
272,foreign bodies,"meat, egg and dairy products",phenylpyrazole,frozen beef
273,chemical,fruits and vegetables,phenylpyrazole,tofu
274,chemical,fats and oils,unauthorised colour sudan 4,palm oil
275,fraud,seafood,inspection issues,pickled radish
276,fraud,"meat, egg and dairy products",inspection issues,minced pork
277,food additives and flavourings,"cocoa and cocoa preparations, coffee and tea",labelling/misdescription,iced tea
278,chemical,herbs and spices,mustard and products thereof,cumin powder
279,organoleptic aspects,"cocoa and cocoa preparations, coffee and tea",milk and products thereof,dark chocolate coated almonds
280,biological,"meat, egg and dairy products",listeria monocytogenes,other dairy products
281,fraud,"meat, egg and dairy products",inspection issues,pasta products
282,foreign bodies,"meat, egg and dairy products",bone fragment,deboned chicken thighs
283,chemical,non-alcoholic beverages,unauthorised colour sudan 4,coconut juice
284,foreign bodies,fruits and vegetables,chemical,salads
285,biological,fruits and vegetables,cyclospora,frozen peas
286,other hazard,"meat, egg and dairy products",non compliance with HACCP,frozen poultry products
287,biological,"meat, egg and dairy products",listeria monocytogenes,luncheon meat
288,fraud,"meat, egg and dairy products",inspection issues,various meat products
289,allergens,prepared dishes and snacks,incorrect labeling,prepared salads
290,food additives and flavourings,cereals and bakery products,glass fragment,cookies
291,allergens,"meat, egg and dairy products",insufficient labelling/documentation,beef products
292,organoleptic aspects,fruits and vegetables,insects,yoghurt
293,allergens,"meat, egg and dairy products",insufficient labelling/documentation,Precooked cooked pork meat products
294,biological,"nuts, nut products and seeds",peanuts and products thereof,cereal bars
295,biological,"nuts, nut products and seeds",insects,parsley
296,chemical,non-alcoholic beverages,improper conditions,mango
297,chemical,prepared dishes and snacks,mustard and products thereof,mustard sauce
298,foreign bodies,"meat, egg and dairy products",foreign bodies,frozen pork ribs
299,other hazard,"nuts, nut products and seeds",insects,corn
300,chemical,"nuts, nut products and seeds",spoilage,cinnamon rolls
301,allergens,cereals and bakery products,walnut,pretzel stick
302,allergens,prepared dishes and snacks,milk and products thereof,bloody mary beverage mix
303,foreign bodies,fruits and vegetables,phenylpyrazole,fresh vegetables
304,organoleptic aspects,"meat, egg and dairy products",other not classified chemical hazards,milk
305,biological,cereals and bakery products,salmonella,fruit pies
306,biological,fruits and vegetables,listeria monocytogenes,camembert
307,allergens,cereals and bakery products,soybeans and products thereof,seasoning
308,foreign bodies,cereals and bakery products,metal fragment,starch
309,food additives and flavourings,"nuts, nut products and seeds",sesame seeds and products thereof,sesame
310,biological,prepared dishes and snacks,listeria monocytogenes,chicken based products
311,foreign bodies,cereals and bakery products,rubber fragments,snacks (various)
312,chemical,"nuts, nut products and seeds",sulfamethazine unauthorised,ground turmeric
313,biological,"cocoa and cocoa preparations, coffee and tea",salmonella,iced tea
314,food additives and flavourings,"cocoa and cocoa preparations, coffee and tea",glass fragment,chocolate
315,chemical,"nuts, nut products and seeds",other,macadamia nuts
316,allergens,confectionery,labelling/misdescription,cupcakes
317,allergens,cereals and bakery products,labelling/misdescription,bakery products
318,biological,"nuts, nut products and seeds",pistachio nut,pistachio nuts
319,biological,"meat, egg and dairy products",phenylpyrazole,turkey and turkey preparations
320,fraud,fruits and vegetables,sulphur dioxide and sulphites,potatoes
321,allergens,fruits and vegetables,allergens,salads
322,allergens,"meat, egg and dairy products",insufficient labelling/documentation,frozen pork preparations
323,fraud,fruits and vegetables,plastic fragment,raisins
324,chemical,"soups, broths, sauces and condiments",improper conditions,soup
325,other hazard,prepared dishes and snacks,poor hygienic state,cooked chicken
326,allergens,cereals and bakery products,peanuts and products thereof,cookies
327,allergens,"soups, broths, sauces and condiments",cereals containing gluten and products thereof,chilli sauce
328,allergens,prepared dishes and snacks,milk and products thereof,apple juice
329,biological,"nuts, nut products and seeds",listeria monocytogenes,sunflower seed
330,chemical,cereals and bakery products,other,chocolate bars
331,biological,"meat, egg and dairy products",listeria monocytogenes,pasta products
332,chemical,cereals and bakery products,other,noodles
333,biological,prepared dishes and snacks,listeria monocytogenes,cooked chicken
334,biological,fruits and vegetables,chemical compound (high content),frozen vegetables
335,biological,fruits and vegetables,listeria monocytogenes,fresh vegetables
336,biological,fruits and vegetables,listeria monocytogenes,frozen vegetables
337,foreign bodies,"cocoa and cocoa preparations, coffee and tea",labelling/misdescription,chocolate
338,biological,"meat, egg and dairy products",phenylpyrazole,frozen poultry products
339,biological,seafood,abnormal smell,cranberry jam
340,food additives and flavourings,prepared dishes and snacks,plastic fragment,corn
341,foreign bodies,"meat, egg and dairy products",foreign bodies,frozen poultry products
342,biological,cereals and bakery products,inspection issues,granola
343,biological,prepared dishes and snacks,pathogenic bacteria,fresh cut vegetables
344,biological,cereals and bakery products,pahs,snack mix
345,allergens,"dietetic foods, food supplements, fortified foods",milk and products thereof,ground turmeric
346,allergens,fruits and vegetables,milk and products thereof,burrito (ready to eat)
347,allergens,cereals and bakery products,inspection issues,other not classified meat products
348,chemical,"nuts, nut products and seeds",spoilage,snack mix
349,biological,"nuts, nut products and seeds",glass fragment,sunflower seed
350,biological,"nuts, nut products and seeds",phenylpyrazole,raisins
351,biological,"nuts, nut products and seeds",norovirus,bars
352,fraud,"meat, egg and dairy products",unauthorised import,Pangas catfishes (generic)
353,biological,"meat, egg and dairy products",escherichia coli,beef products
354,chemical,cereals and bakery products,glass fragment,wraps
355,biological,fruits and vegetables,phenylpyrazole,frozen peas
356,other hazard,"nuts, nut products and seeds",unfit for human consumption,snack mix
357,chemical,"nuts, nut products and seeds",enteroviruses,wheat snack
358,chemical,"cocoa and cocoa preparations, coffee and tea",hazelnut,milk chocolates
359,fraud,"meat, egg and dairy products",labelling/misdescription,pork sausage
360,allergens,cereals and bakery products,eggs and products thereof,noodles
361,foreign bodies,cereals and bakery products,phenylpyrazole,spinach leaves
362,biological,"meat, egg and dairy products",escherichia coli,frozen poultry products
363,fraud,"meat, egg and dairy products",listeria spp,chicken
364,allergens,cereals and bakery products,milk and products thereof,pretzel stick
365,chemical,seafood,other,Catfishes (freshwater)
366,allergens,seafood,incorrect labeling,seafood
367,chemical,fruits and vegetables,other,coconuts
368,organoleptic aspects,"meat, egg and dairy products",labelling/misdescription,yoghurt
369,foreign bodies,cereals and bakery products,plastic fragment,chorizo sausage
370,allergens,ices and desserts,peanuts and products thereof,ice cream
371,chemical,herbs and spices,heavy metals,curry
372,allergens,cereals and bakery products,allergens,croissants
373,allergens,"meat, egg and dairy products",insufficient labelling/documentation,pork sausage
374,foreign bodies,ices and desserts,metal fragment,ice cream
375,allergens,"nuts, nut products and seeds",peanuts and products thereof,almond products
376,foreign bodies,cereals and bakery products,pieces of wood,pickled beetroot
377,biological,prepared dishes and snacks,phenylpyrazole,Veggie Burger
378,chemical,fruits and vegetables,phenylpyrazole,algae
379,biological,ices and desserts,listeria monocytogenes,ice cream
380,foreign bodies,prepared dishes and snacks,plastic fragment,pop corn
381,packaging defect,alcoholic beverages,glass fragment,carbonated beverage
382,allergens,"cocoa and cocoa preparations, coffee and tea",peanuts and products thereof,dried fruits
383,fraud,"nuts, nut products and seeds",walnut,brownies
384,foreign bodies,prepared dishes and snacks,foreign bodies,chicken breast
385,foreign bodies,"cocoa and cocoa preparations, coffee and tea",labelling/misdescription,chocolates
386,biological,"meat, egg and dairy products",improper conditions,feta cheese
387,chemical,seafood,too high content of fluorinated organic chemicals,Fishes not identified
388,fraud,"meat, egg and dairy products",inspection issues,ready to eat meat product
389,allergens,other food product / mixed,eggs and products thereof,Veggie Burger
390,allergens,prepared dishes and snacks,insufficient labelling/documentation,other not classified meat products
391,other hazard,prepared dishes and snacks,escherichia coli,chicken breast
392,other hazard,"soups, broths, sauces and condiments",other not classified chemical hazards,fresh vegetables
393,allergens,prepared dishes and snacks,incorrect labeling,frozen chicken wings
394,biological,"soups, broths, sauces and condiments",listeria monocytogenes,soup
395,chemical,fruits and vegetables,phenylpyrazole,mashed chickpeas (hummus)
396,biological,seafood,poor hygienic state,herring
397,biological,"meat, egg and dairy products",listeria monocytogenes,goat cheese
398,other hazard,prepared dishes and snacks,improper conditions,chicken
399,foreign bodies,cereals and bakery products,hazelnut,hazelnuts
400,allergens,"meat, egg and dairy products",milk and products thereof,cheddar cheese
401,biological,prepared dishes and snacks,salmonella,flavoured potato chips
402,allergens,cereals and bakery products,milk and products thereof,cookies
403,biological,"nuts, nut products and seeds",listeria monocytogenes,pistachio nuts
404,biological,seafood,high content of copper,Catfishes (freshwater)
405,foreign bodies,prepared dishes and snacks,plastic fragment,potatoes
406,foreign bodies,"soups, broths, sauces and condiments",spoilage,dressing
407,foreign bodies,prepared dishes and snacks,foreign bodies,tortilla
408,other hazard,prepared dishes and snacks,other not classified chemical hazards,potato chips
409,fraud,"meat, egg and dairy products",insufficient labelling/documentation,minced pork
410,biological,cereals and bakery products,yeasts,snack mix
411,biological,prepared dishes and snacks,incorrect use by dates,sandwiches
412,allergens,cereals and bakery products,soybeans and products thereof,corn
413,foreign bodies,prepared dishes and snacks,glass fragment,frozen hash browns
414,foreign bodies,cereals and bakery products,hazelnut,snacks (various)
415,packaging defect,alcoholic beverages,chemical,cider
416,biological,"meat, egg and dairy products",phenylpyrazole,turkey and turkey preparations
417,foreign bodies,cereals and bakery products,labelling/misdescription,cheese products
418,allergens,"nuts, nut products and seeds",labelling/misdescription,peanuts
419,foreign bodies,"cocoa and cocoa preparations, coffee and tea",labelling/misdescription,milk chocolates
420,food additives and flavourings,confectionery,e 425 - konjac unauthorised,jellies
421,allergens,"soups, broths, sauces and condiments",cereals containing gluten and products thereof,soup
422,allergens,"soups, broths, sauces and condiments",milk and products thereof,salad dressing
423,biological,"meat, egg and dairy products",listeria monocytogenes,cheese products
424,allergens,"cocoa and cocoa preparations, coffee and tea",milk and products thereof,drinking chocolate powder
425,allergens,cereals and bakery products,labelling/misdescription,chocolate products
426,allergens,"cocoa and cocoa preparations, coffee and tea",eggs and products thereof,chocolate bars
427,chemical,herbs and spices,chemical,halva
428,biological,"meat, egg and dairy products",escherichia coli,raw beef meat
429,organoleptic aspects,cereals and bakery products,milk and products thereof,boar
430,chemical,seafood,phenylpyrazole,frozen vegetables mix
431,organoleptic aspects,"soups, broths, sauces and condiments",other,soup
432,foreign bodies,prepared dishes and snacks,foreign bodies,chicken breast
433,fraud,cereals and bakery products,labelling/misdescription,other types of meat
434,allergens,cereals and bakery products,walnut,muffins
435,foreign bodies,"cocoa and cocoa preparations, coffee and tea",metal fragment,chocolate bars
436,allergens,"cocoa and cocoa preparations, coffee and tea",eggs and products thereof,ices and desserts
437,biological,fruits and vegetables,listeria monocytogenes,tea
438,biological,non-alcoholic beverages,moulds,concentrated apples
439,fraud,seafood,hazelnut,prawns
440,foreign bodies,prepared dishes and snacks,other not classified hazards for foreign bodies,chicken based products
441,chemical,prepared dishes and snacks,phenylpyrazole,frozen pizza
442,chemical,"nuts, nut products and seeds",almond,almonds
443,foreign bodies,prepared dishes and snacks,metal fragment,beef products
444,biological,cereals and bakery products,escherichia coli,flour
445,allergens,prepared dishes and snacks,labelling/misdescription,vegan sausages
446,biological,cereals and bakery products,escherichia coli,flour
447,foreign bodies,cereals and bakery products,phenylpyrazole,cakes
448,foreign bodies,fruits and vegetables,labelling/misdescription,carbonated beverage
449,biological,"meat, egg and dairy products",escherichia coli,beef products
450,allergens,"meat, egg and dairy products",insufficient labelling/documentation,pork sausage
451,allergens,prepared dishes and snacks,incorrect labeling,chicken based products
452,allergens,seafood,undeclared constituent,Catfishes (freshwater)
453,organoleptic aspects,seafood,milk and products thereof,fish products
454,fraud,cereals and bakery products,glass fragment,biscuits
455,biological,"meat, egg and dairy products",listeria monocytogenes,cooked ham
456,allergens,"cocoa and cocoa preparations, coffee and tea",nuts,protein bars
457,allergens,cereals and bakery products,labelling/misdescription,cupcakes
458,other hazard,"meat, egg and dairy products",other not classified chemical hazards,pudding
459,organoleptic aspects,"meat, egg and dairy products",spoilage,hot dog sausages
460,chemical,"meat, egg and dairy products",staphylococcal enterotoxin,golden raisins/sultanas
461,allergens,prepared dishes and snacks,insufficient labelling/documentation,frozen poultry products
462,biological,fruits and vegetables,escherichia coli,broccoli
463,foreign bodies,cereals and bakery products,glass fragment,sliced bread
464,biological,"meat, egg and dairy products",listeria monocytogenes,pork sausage
465,biological,"nuts, nut products and seeds",listeria monocytogenes,jam
466,chemical,"nuts, nut products and seeds",Aflatoxin,chilli powder
467,foreign bodies,"cocoa and cocoa preparations, coffee and tea",labelling/misdescription,chocolate chips
468,allergens,seafood,milk and products thereof,salads
469,allergens,cereals and bakery products,cereals containing gluten and products thereof,breakfast cereals
470,chemical,"meat, egg and dairy products",sulfamethazine unauthorised,chorizo
471,allergens,prepared dishes and snacks,insufficient labelling/documentation,chorizo sausage
472,allergens,"dietetic foods, food supplements, fortified foods",milk and products thereof,chocolate
473,allergens,seafood,taste disturbance,tilapia
474,allergens,fruits and vegetables,cereals containing gluten and products thereof,beans
475,foreign bodies,"meat, egg and dairy products",foreign bodies,thermal processed beef meat
476,foreign bodies,cereals and bakery products,insufficient labelling/documentation,cookies
477,allergens,fruits and vegetables,cereals containing gluten and products thereof,apples
478,allergens,cereals and bakery products,nuts,cookies
479,biological,"meat, egg and dairy products",escherichia coli,frozen beef
480,allergens,"soups, broths, sauces and condiments",eggs and products thereof,sandwiches
481,biological,seafood,other not classified biological hazards,Fishes not identified
482,biological,fruits and vegetables,escherichia coli,oats
483,allergens,"nuts, nut products and seeds",brazil nut,brazil nuts
484,biological,seafood,listeria monocytogenes,tuna
485,biological,"meat, egg and dairy products",listeria monocytogenes,Not classified pork meat
486,allergens,"cocoa and cocoa preparations, coffee and tea",milk and products thereof,dark chocolate coated almonds
487,fraud,"nuts, nut products and seeds",nuts,snacks (various)
488,other hazard,"meat, egg and dairy products",other not classified biological hazards,beef products
489,fraud,cereals and bakery products,cereals containing gluten and products thereof,rice
490,foreign bodies,"dietetic foods, food supplements, fortified foods",plastic fragment,chocolate bars
491,allergens,prepared dishes and snacks,insufficient labelling/documentation,frozen beef products
492,chemical,alcoholic beverages,other not classified chemical hazards,wine
493,biological,"meat, egg and dairy products",salmonella,infant formula
494,allergens,seafood,eggs and products thereof,shrimps
495,biological,"meat, egg and dairy products",listeria monocytogenes,blue cheese
496,chemical,fruits and vegetables,e 425 - konjac unauthorised,fresh apples
497,biological,fruits and vegetables,listeria monocytogenes,sandwiches
498,chemical,alcoholic beverages,phenylpyrazole,wine
499,biological,cereals and bakery products,listeria monocytogenes,biscuits
500,allergens,"cocoa and cocoa preparations, coffee and tea",milk and products thereof,instant coffee
501,biological,"nuts, nut products and seeds",salmonella,sesame seeds
502,biological,"meat, egg and dairy products",phenylpyrazole,bread
503,chemical,"meat, egg and dairy products",other not classified chemical hazards,raw milk
504,foreign bodies,ices and desserts,milk and products thereof,desserts
505,foreign bodies,cereals and bakery products,metal fragment,bread and products therefor
506,food additives and flavourings,"soups, broths, sauces and condiments",eggs and products thereof,soy sauce
507,allergens,prepared dishes and snacks,pecan nut,chicken preparations
508,allergens,prepared dishes and snacks,incorrect labeling,egg rolls
509,biological,prepared dishes and snacks,salmonella,chicken based products
510,fraud,fruits and vegetables,eggs and products thereof,dressing sauces
511,allergens,"cocoa and cocoa preparations, coffee and tea",nuts,macadamia nuts
512,chemical,cereals and bakery products,phenylpyrazole,eggs
513,chemical,herbs and spices,other,masala spice mix
514,fraud,cereals and bakery products,inspection issues,bakery products
515,fraud,"meat, egg and dairy products",sulphur dioxide,sausage products
516,chemical,"cocoa and cocoa preparations, coffee and tea",contaminant,mitragyna speciosa (kratom)
517,biological,"meat, egg and dairy products",listeria monocytogenes,thermal processed beef meat
518,allergens,"nuts, nut products and seeds",peanuts and products thereof,yogurt raisins
519,fraud,seafood,insufficient labelling/documentation,pastry products
520,other hazard,prepared dishes and snacks,improper conditions,ready to eat - cook meals
521,biological,"dietetic foods, food supplements, fortified foods",salmonella,dietary supplement
522,food additives and flavourings,confectionery,milk and products thereof,coconuts
523,biological,"meat, egg and dairy products",listeria monocytogenes,ham
524,chemical,"dietetic foods, food supplements, fortified foods",chemical compound (high content),food supplement
525,allergens,non-alcoholic beverages,milk and products thereof,dietary supplement
526,chemical,fruits and vegetables,phenylpyrazole,cereals
527,foreign bodies,"meat, egg and dairy products",foreign bodies,beef products
528,biological,"meat, egg and dairy products",phenylpyrazole,eggs
529,biological,"meat, egg and dairy products",abnormal smell,semi-soft cheese
530,biological,"meat, egg and dairy products",listeria monocytogenes,thermal processed beef meat
531,biological,"meat, egg and dairy products",eggs and products thereof,eggs
532,biological,prepared dishes and snacks,listeria monocytogenes,sandwiches
533,biological,"meat, egg and dairy products",escherichia coli,fresh pork
534,foreign bodies,"nuts, nut products and seeds",rubber fragments,yoghurt
535,biological,"soups, broths, sauces and condiments",other not classified chemical hazards,salad dressing
536,biological,fruits and vegetables,eggs and products thereof,salad dressing
537,chemical,ices and desserts,brazil nut,cheese products
538,food additives and flavourings,"soups, broths, sauces and condiments",milk and products thereof,soup
539,packaging defect,"nuts, nut products and seeds",bulging packaging,instant coffee
540,biological,"soups, broths, sauces and condiments",spoilage,salad dressing
541,biological,"meat, egg and dairy products",escherichia coli,soft cheese
542,food additives and flavourings,prepared dishes and snacks,milk and products thereof,potato croquettes
543,allergens,cereals and bakery products,peanuts and products thereof,cookies
544,foreign bodies,fruits and vegetables,foreign bodies,frozen broccoli
545,chemical,fruits and vegetables,phenylpyrazole,sheep milk cheese
546,foreign bodies,"dietetic foods, food supplements, fortified foods",metal fragment,protein powder
547,biological,cereals and bakery products,phenylpyrazole,breakfast cereals
548,fraud,"meat, egg and dairy products",insufficient labelling/documentation,sausage
549,biological,fruits and vegetables,cyclospora,vegetable mix
550,foreign bodies,"soups, broths, sauces and condiments",glass fragment,cooking sauce
551,biological,cereals and bakery products,phenylpyrazole,sesame seeds
552,allergens,prepared dishes and snacks,milk and products thereof,crackers
553,fraud,cereals and bakery products,phenylpyrazole,cakes
554,chemical,fats and oils,mustard and products thereof,olive oil
555,fraud,"meat, egg and dairy products",inspection issues,frozen pork preparations
556,foreign bodies,seafood,phenylpyrazole,tomato sauce
557,biological,prepared dishes and snacks,improper conditions,pasta salad
558,biological,prepared dishes and snacks,salmonella,sandwiches
559,biological,"meat, egg and dairy products",salmonella,chicken based products
560,biological,fruits and vegetables,phenylpyrazole,canned mussels
561,biological,cereals and bakery products,other not classified biological hazards,crackers
562,foreign bodies,cereals and bakery products,metal fragment,sugar
563,foreign bodies,fruits and vegetables,phenylpyrazole,mixed vegetables
564,food additives and flavourings,confectionery,labelling/misdescription,caramel bites
565,foreign bodies,ices and desserts,peanuts and products thereof,ice cream
566,chemical,confectionery,sulfamethazine unauthorised,mitragyna speciosa (kratom)
567,allergens,"meat, egg and dairy products",allergens,meatloaf
568,foreign bodies,fruits and vegetables,plastic fragment,brown mushrooms
569,biological,"meat, egg and dairy products",escherichia coli,feta cheese
570,biological,confectionery,eggs and products thereof,candies
571,biological,"meat, egg and dairy products",phenylpyrazole,eggs
572,other hazard,non-alcoholic beverages,processing,bottled water
573,fraud,prepared dishes and snacks,inspection issues,dried beef meat
574,biological,"meat, egg and dairy products",listeria monocytogenes,eggs and egg products
575,biological,seafood,salmonella,oysters
576,foreign bodies,"meat, egg and dairy products",foreign bodies,dried beef meat
577,biological,"soups, broths, sauces and condiments",listeria monocytogenes,basil pesto sauce
578,allergens,ices and desserts,milk and products thereof,desserts
579,organoleptic aspects,cereals and bakery products,milk and products thereof,tortilla chips
580,chemical,"nuts, nut products and seeds",unauthorised colour sudan 4,macadamia nuts
581,chemical,non-alcoholic beverages,phenylpyrazole,lemonade (lemon soda)
582,biological,fruits and vegetables,listeria monocytogenes,lemonade (lemon soda)
583,chemical,ices and desserts,plastic fragment,pudding
584,allergens,"meat, egg and dairy products",mustard and products thereof,ready to eat - cook meals
585,organoleptic aspects,"nuts, nut products and seeds",milk and products thereof,coconuts
586,biological,prepared dishes and snacks,phenylpyrazole,potatoes
587,chemical,herbs and spices,heavy metals,black pepper
588,biological,"nuts, nut products and seeds",pistachio nut,pistachio nuts
589,foreign bodies,"meat, egg and dairy products",foreign bodies,pig meat - pork
590,organoleptic aspects,prepared dishes and snacks,milk and products thereof,tortilla chips
591,allergens,"nuts, nut products and seeds",incorrect labeling,burrito (ready to eat)
592,chemical,"meat, egg and dairy products",phenylpyrazole,burrata
593,organoleptic aspects,"meat, egg and dairy products",pathogenic bacteria,other not classified meat products
594,biological,prepared dishes and snacks,listeria monocytogenes,chicken based products
595,biological,fruits and vegetables,salmonella,pesto
596,allergens,"cocoa and cocoa preparations, coffee and tea",milk and products thereof,dark chocolates
597,allergens,"dietetic foods, food supplements, fortified foods",milk and products thereof,protein powder
598,foreign bodies,cereals and bakery products,plastic fragment,fruit pies
599,other hazard,fruits and vegetables,other not classified chemical hazards,corn
600,chemical,"nuts, nut products and seeds",phenylpyrazole,almonds
601,food additives and flavourings,confectionery,e 425 - konjac unauthorised,jellies
602,biological,"meat, egg and dairy products",salmonella,turkey and turkey preparations
603,biological,fruits and vegetables,phenylpyrazole,bean paste
604,chemical,"nuts, nut products and seeds",phenylpyrazole,tahini
605,foreign bodies,cereals and bakery products,glass fragment,bread and products therefor
606,food additives and flavourings,non-alcoholic beverages,glass fragment,carbonated beverage
607,chemical,"meat, egg and dairy products",improper conditions,milk powder
608,fraud,seafood,inspection issues,Catfishes (freshwater)
609,biological,prepared dishes and snacks,salmonella,chicken based products
610,biological,cereals and bakery products,salmonella,pizza
611,allergens,cereals and bakery products,walnut,cookies
612,fraud,other food product / mixed,inspection issues,Catfishes (freshwater)
613,chemical,prepared dishes and snacks,norovirus,spice mixture
614,allergens,ices and desserts,cereals containing gluten and products thereof,tahini (sesame paste)
615,organoleptic aspects,"dietetic foods, food supplements, fortified foods",peanuts and products thereof,protein bar
616,other hazard,"meat, egg and dairy products",processing,chorizo sausage
617,biological,"nuts, nut products and seeds",peanuts and products thereof,brewer's yeast
618,allergens,"cocoa and cocoa preparations, coffee and tea",milk and products thereof,dark chocolate coated almonds
619,foreign bodies,seafood,glass fragment,green raisins
620,foreign bodies,"soups, broths, sauces and condiments",cashew,tomato sauce
621,chemical,fats and oils,pahs,coconut oil
622,chemical,"nuts, nut products and seeds",phenylpyrazole,muesli
623,chemical,non-alcoholic beverages,unauthorised import,bottled water
624,foreign bodies,cereals and bakery products,metal fragment,mixed vegetables
625,foreign bodies,prepared dishes and snacks,other not classified hazards for foreign bodies,other not classified meat products
626,allergens,"cocoa and cocoa preparations, coffee and tea",milk and products thereof,cakes
627,fraud,seafood,inspection issues,Catfishes (freshwater)
628,allergens,cereals and bakery products,milk and products thereof,dark chocolates
629,biological,"dietetic foods, food supplements, fortified foods",peanuts and products thereof,brewer's yeast
630,allergens,cereals and bakery products,labelling/misdescription,marshmalows
631,foreign bodies,"meat, egg and dairy products",foreign bodies,cooked chicken
632,biological,"nuts, nut products and seeds",salmonella,boar
633,biological,prepared dishes and snacks,phenylpyrazole,eggs
634,allergens,cereals and bakery products,nuts,snack mix
635,allergens,prepared dishes and snacks,milk and products thereof,potato chips
636,other hazard,"meat, egg and dairy products",unauthorised placing on the market,fresh pork
637,biological,"meat, egg and dairy products",salmonella,chorizo sausage
638,biological,"meat, egg and dairy products",escherichia coli,beef
639,chemical,prepared dishes and snacks,phenylpyrazole,eggs
640,allergens,"cocoa and cocoa preparations, coffee and tea",milk and products thereof,chocolate bars
641,foreign bodies,cereals and bakery products,plastic fragment,muffins
642,chemical,"cocoa and cocoa preparations, coffee and tea",chemical compound (high content),protein bar
643,biological,"cocoa and cocoa preparations, coffee and tea",salmonella,tea
644,chemical,"nuts, nut products and seeds",cereals containing gluten and products thereof,oats
645,chemical,"meat, egg and dairy products",pathogenic bacteria,chorizo sausage
646,foreign bodies,prepared dishes and snacks,bone fragment,turkey
647,foreign bodies,other food product / mixed,metal fragment,Veggie Burger
648,biological,fruits and vegetables,listeria monocytogenes,boar
649,foreign bodies,confectionery,metal fragment,rice sticks
650,biological,"meat, egg and dairy products",phenylpyrazole,turkey and turkey preparations
651,biological,"meat, egg and dairy products",phenylpyrazole,eggs
652,biological,fruits and vegetables,salmonella,frozen sliced coconut
653,foreign bodies,prepared dishes and snacks,rubber fragments,pastry products
654,foreign bodies,prepared dishes and snacks,insufficient labelling/documentation,raw goat milk cheese
655,foreign bodies,cereals and bakery products,plastic fragment,bread
656,fraud,cereals and bakery products,insufficient labelling/documentation,biscuits
657,allergens,"cocoa and cocoa preparations, coffee and tea",labelling/misdescription,chocolate and chocolate products
658,biological,prepared dishes and snacks,metal fragment,potato chips
659,chemical,"dietetic foods, food supplements, fortified foods",peanuts and products thereof,protein drink
660,allergens,ices and desserts,peanuts and products thereof,ice cream
661,allergens,"cocoa and cocoa preparations, coffee and tea",almond,dark chocolate coated almonds
662,allergens,herbs and spices,eggs and products thereof,seasoning
663,food additives and flavourings,cereals and bakery products,taste disturbance,rice
664,allergens,prepared dishes and snacks,insufficient labelling/documentation,thermal processed pork meat
665,food additives and flavourings,cereals and bakery products,chemical compound (high content),rice
666,chemical,seafood,other not classified chemical hazards,Catfishes (freshwater)
667,biological,cereals and bakery products,phenylpyrazole,eggs
668,chemical,seafood,phenylpyrazole,frozen ready to eat products
669,organoleptic aspects,ices and desserts,cashew,ice cream
670,allergens,"cocoa and cocoa preparations, coffee and tea",labelling/misdescription,milk chocolates
671,biological,fruits and vegetables,listeria monocytogenes,fresh vegetables
672,biological,seafood,vibrio spp,oysters
673,fraud,fruits and vegetables,sulphur dioxide and sulphites,sultanas
674,biological,seafood,paralytic shellfish poisoning (psp) toxins,clams
675,biological,"meat, egg and dairy products",phenylpyrazole,hard cheese
676,foreign bodies,cereals and bakery products,plastic fragment,buns
677,allergens,seafood,eggs and products thereof,Fishes not identified
678,chemical,"nuts, nut products and seeds",improper conditions,seed mixe
679,allergens,"meat, egg and dairy products",incorrect labeling,frozen beef products
680,allergens,seafood,eggs and products thereof,fish products
681,allergens,prepared dishes and snacks,incorrect labeling,other not classified meat products
682,organoleptic aspects,"cocoa and cocoa preparations, coffee and tea",milk and products thereof,chocolate
683,biological,seafood,listeria monocytogenes,herring
684,chemical,fruits and vegetables,other,bottled water
685,other hazard,"meat, egg and dairy products",processing,chicken meat products
686,foreign bodies,cereals and bakery products,plastic fragment,mitragyna speciosa (kratom)
687,food additives and flavourings,prepared dishes and snacks,milk and products thereof,frozen ready to eat products
688,chemical,"nuts, nut products and seeds",moulds,brownies
689,chemical,"cocoa and cocoa preparations, coffee and tea",chemical compound (high content),herbal tea
690,biological,fruits and vegetables,listeria monocytogenes,pâté
691,foreign bodies,cereals and bakery products,phenylpyrazole,indian curry
692,biological,"meat, egg and dairy products",escherichia coli,veal meat
693,biological,fruits and vegetables,listeria monocytogenes,pomegranate
694,biological,"meat, egg and dairy products",escherichia coli,raw beef meat
695,biological,prepared dishes and snacks,listeria monocytogenes,sandwiches
696,foreign bodies,ices and desserts,foreign bodies,ice cream
697,chemical,fruits and vegetables,phenylpyrazole,olive oil
698,biological,"meat, egg and dairy products",escherichia coli,raw beef meat
699,biological,"meat, egg and dairy products",escherichia coli,raw beef meat
700,organoleptic aspects,"meat, egg and dairy products",poor hygienic state,pork sausage
701,foreign bodies,"meat, egg and dairy products",plastic fragment,chicken based products
702,biological,"meat, egg and dairy products",escherichia coli,raw beef meat
703,allergens,"meat, egg and dairy products",incorrect labeling,chicken pie
704,other hazard,cereals and bakery products,other not classified chemical hazards,frozen broccoli
705,chemical,"soups, broths, sauces and condiments",phenylpyrazole,pesto
706,biological,"meat, egg and dairy products",cronobacter spp,infant formula
707,foreign bodies,"meat, egg and dairy products",other not classified hazards for foreign bodies,thermal processed beef meat
708,biological,"meat, egg and dairy products",escherichia coli,raw beef meat
709,biological,"nuts, nut products and seeds",salmonella,tahini (sesame paste)
710,organoleptic aspects,confectionery,phenylpyrazole,caramel bites
711,chemical,prepared dishes and snacks,pathogenic bacteria,pasta products
712,chemical,other food product / mixed,phenylpyrazole,tofu
713,foreign bodies,prepared dishes and snacks,other not classified hazards for foreign bodies,frozen poultry products
714,biological,"meat, egg and dairy products",escherichia coli,raw beef meat
715,biological,"meat, egg and dairy products",listeria monocytogenes,thermal processed pork meat
716,fraud,seafood,inspection issues,fresh mushrooms
717,allergens,"soups, broths, sauces and condiments",cereals containing gluten and products thereof,soup
718,allergens,prepared dishes and snacks,insufficient labelling/documentation,frozen poultry products
719,foreign bodies,cereals and bakery products,cereals containing gluten and products thereof,cakes
720,biological,"meat, egg and dairy products",salmonella,ground beef meat
721,foreign bodies,"meat, egg and dairy products",metal fragment,garlic sausage
722,biological,"meat, egg and dairy products",escherichia coli,buffalo milk mozzarella cheese
723,biological,cereals and bakery products,pecan nut,granola
724,biological,prepared dishes and snacks,listeria monocytogenes,fruits and vegetables
725,foreign bodies,"cocoa and cocoa preparations, coffee and tea",unfit for human consumption,chocolate
726,biological,fruits and vegetables,listeria monocytogenes,pork fillets
727,biological,prepared dishes and snacks,phenylpyrazole,protein drink
728,biological,cereals and bakery products,eggs and products thereof,grapes
729,foreign bodies,fruits and vegetables,phenylpyrazole,potato salad
730,allergens,cereals and bakery products,peanuts and products thereof,desserts
731,foreign bodies,prepared dishes and snacks,microbiological contamination,chocolate
732,chemical,fruits and vegetables,plastic fragment,marzipan
733,chemical,"meat, egg and dairy products",chemical compound (unauthorised),horses
734,chemical,"soups, broths, sauces and condiments",insects,soy sauce
735,other hazard,cereals and bakery products,peanuts and products thereof,wafers
736,food additives and flavourings,fruits and vegetables,improper packaging,canned mussels
737,chemical,"meat, egg and dairy products",other not classified chemical hazards,pasteurized milk
738,allergens,prepared dishes and snacks,insufficient labelling/documentation,pizza
739,organoleptic aspects,"soups, broths, sauces and condiments",mustard and products thereof,soup
740,biological,fruits and vegetables,listeria monocytogenes,potatoes
741,allergens,prepared dishes and snacks,incorrect labeling,other not classified meat products
742,chemical,"soups, broths, sauces and condiments",plastic fragment,pesto
743,biological,confectionery,unauthorised import,fruit juice smoothie
744,biological,"meat, egg and dairy products",paralytic shellfish poisoning (psp) toxins,lupin seeds
745,allergens,seafood,eggs and products thereof,Fishes not identified
746,biological,fruits and vegetables,improper conditions,tomato sauce
747,biological,"soups, broths, sauces and condiments",metal fragment,green pesto
748,organoleptic aspects,"cocoa and cocoa preparations, coffee and tea",nuts,dark chocolates
749,biological,fruits and vegetables,salmonella,bean sprouts
750,food additives and flavourings,prepared dishes and snacks,milk and products thereof,noodles
751,chemical,seafood,toxin,tuna
752,allergens,fruits and vegetables,allergens,prepared salads
753,allergens,seafood,cereals containing gluten and products thereof,salmon
754,chemical,ices and desserts,phenylpyrazole,sweets
755,organoleptic aspects,prepared dishes and snacks,milk and products thereof,spring rolls
756,allergens,cereals and bakery products,soybeans and products thereof,croissants
757,chemical,cereals and bakery products,phenylpyrazole,bread
758,organoleptic aspects,"soups, broths, sauces and condiments",cashew,basil pesto sauce
759,foreign bodies,prepared dishes and snacks,foreign bodies,chicken based products
760,allergens,"nuts, nut products and seeds",peanuts and products thereof,pretzels
761,biological,fruits and vegetables,escherichia coli,salami
762,chemical,fruits and vegetables,other,fresh mushrooms
763,biological,prepared dishes and snacks,salmonella,chicken
764,organoleptic aspects,"nuts, nut products and seeds",spoilage,snacks (various)
765,allergens,cereals and bakery products,milk and products thereof,oats
766,foreign bodies,ices and desserts,metal fragment,fresh cut vegetables
767,biological,"meat, egg and dairy products",escherichia coli,ravioli
768,chemical,fruits and vegetables,phenylpyrazole,pickled radish
769,other hazard,"meat, egg and dairy products",poor hygienic state,sausage
770,chemical,herbs and spices,milk and products thereof,chilli powder
771,allergens,fruits and vegetables,milk and products thereof,fruit pies
772,allergens,seafood,fish and products thereof,dip-sauce
773,biological,"meat, egg and dairy products",escherichia coli,beef products
774,biological,fruits and vegetables,escherichia coli,dried cranberries
775,allergens,"nuts, nut products and seeds",milk and products thereof,peanuts
776,biological,seafood,listeria monocytogenes,salmon
777,allergens,"soups, broths, sauces and condiments",cereals containing gluten and products thereof,sauces
778,chemical,"meat, egg and dairy products",other not classified chemical hazards,cheddar cheese
779,allergens,"nuts, nut products and seeds",walnut,almonds
780,allergens,confectionery,eggs and products thereof,flavoured fresh and creamy cheese spread
781,fraud,"meat, egg and dairy products",inspection issues,other not classified meat products
782,biological,fruits and vegetables,salmonella,onions
783,other hazard,fruits and vegetables,phenylpyrazole,kale
784,biological,"meat, egg and dairy products",listeria monocytogenes,chorizo sausage
785,biological,fruits and vegetables,other not classified biological hazards,limes
786,fraud,fruits and vegetables,sulphur dioxide and sulphites,green raisins
787,other hazard,confectionery,e 425 - konjac unauthorised,jellies
788,allergens,"soups, broths, sauces and condiments",incorrect labeling,soup
789,allergens,cereals and bakery products,milk and products thereof,cereal drink
790,allergens,cereals and bakery products,soybeans and products thereof,cakes
791,allergens,"meat, egg and dairy products",insufficient labelling/documentation,smoked sausage
792,food additives and flavourings,"cocoa and cocoa preparations, coffee and tea",chemical compound (high content),milk chocolates
793,biological,"dietetic foods, food supplements, fortified foods",soybeans and products thereof,food supplement
794,food additives and flavourings,prepared dishes and snacks,chemical compound (high content),noodles
795,food additives and flavourings,"meat, egg and dairy products",pathogenic bacteria,frozen ready to cook chicken
796,allergens,prepared dishes and snacks,cereals containing gluten and products thereof,ham
797,foreign bodies,cereals and bakery products,glass fragment,corn
798,foreign bodies,cereals and bakery products,glass fragment,corn
799,biological,seafood,listeria monocytogenes,salmon
800,allergens,prepared dishes and snacks,cereals containing gluten and products thereof,frozen chicken strips with tendons
801,organoleptic aspects,"soups, broths, sauces and condiments",spoilage,noodle soup
802,foreign bodies,"meat, egg and dairy products",plastic fragment,frozen beef patties
803,organoleptic aspects,"meat, egg and dairy products",mustard and products thereof,Not classified pork meat
804,chemical,food additives and flavourings,undeclared additive,sweeteners
805,biological,fruits and vegetables,other,fruit salad with cantaloupe
806,allergens,cereals and bakery products,eggs and products thereof,noodle
807,food additives and flavourings,confectionery,abnormal smell,jellies
808,foreign bodies,cereals and bakery products,metal fragment,bakery products
809,biological,seafood,salmonella,canned mussels
810,chemical,non-alcoholic beverages,moulds,organic chlorella powder
811,allergens,prepared dishes and snacks,cereals containing gluten and products thereof,chicken
812,biological,"meat, egg and dairy products",listeria monocytogenes,raw goat milk cheese
813,chemical,cereals and bakery products,cereals containing gluten and products thereof,breakfast cereals
814,fraud,"soups, broths, sauces and condiments",labelling/misdescription,spice mixture
815,biological,"meat, egg and dairy products",escherichia coli,cheese products
816,foreign bodies,"cocoa and cocoa preparations, coffee and tea",other not classified chemical hazards,beer
817,foreign bodies,cereals and bakery products,plastic fragment,breakfast cereals
818,chemical,cereals and bakery products,chemical compound (high content),bread and products therefor
819,biological,prepared dishes and snacks,moulds,frozen pie
820,fraud,fruits and vegetables,sulphur dioxide and sulphites,dried apples
821,allergens,cereals and bakery products,almond,camembert
822,chemical,cereals and bakery products,unauthorised substance ethylene oxide,rice cakes
823,chemical,"nuts, nut products and seeds",unauthorised substance ethylene oxide,tahini
824,chemical,herbs and spices,unauthorised placing on the market,golden raisins/sultanas
825,biological,cereals and bakery products,milk and products thereof,croissants
826,fraud,fruits and vegetables,sulphur dioxide,dates
827,chemical,fruits and vegetables,heavy metals,mango
828,fraud,"meat, egg and dairy products",inspection issues,frozen ready to eat products
829,allergens,"nuts, nut products and seeds",peanuts and products thereof,spreads
830,food additives and flavourings,"meat, egg and dairy products",dairy products,milk chocolates
831,allergens,"soups, broths, sauces and condiments",eggs and products thereof,soup
832,foreign bodies,"meat, egg and dairy products",foreign bodies,pork sausage
833,chemical,"nuts, nut products and seeds",unauthorised substance ethylene oxide,bakery products
834,biological,seafood,salmonella,tilapia
835,allergens,cereals and bakery products,soybeans and products thereof,cakes
836,chemical,seafood,eggs and products thereof,Fishes not identified
837,food additives and flavourings,cereals and bakery products,e 425 - konjac unauthorised,pancakes
838,foreign bodies,prepared dishes and snacks,glass fragment,dressing sauces
839,chemical,seafood,unauthorised substance ethylene oxide,salmon
840,allergens,fruits and vegetables,labelling/misdescription,prepared salads
841,organoleptic aspects,"nuts, nut products and seeds",abnormal smell,sweets
842,biological,"meat, egg and dairy products",escherichia coli,ground beef
843,biological,"soups, broths, sauces and condiments",pistachio nut,pesto
844,food additives and flavourings,fruits and vegetables,glass fragment,olives
845,food additives and flavourings,"dietetic foods, food supplements, fortified foods",chemical compound (high content),milk chocolate covered raisins
846,allergens,fruits and vegetables,fish and products thereof,cauliflower
847,fraud,cereals and bakery products,e 425 - konjac unauthorised,bitter apricot kernels
848,allergens,cereals and bakery products,almond,muesli
849,chemical,"cocoa and cocoa preparations, coffee and tea",chemical compound (high content),tea bags
850,allergens,"meat, egg and dairy products",insufficient labelling/documentation,thermal processed beef meat
851,food additives and flavourings,cereals and bakery products,other not classified chemical hazards,biscuits
852,biological,"meat, egg and dairy products",salmonella,chicken meat products
853,chemical,seafood,chemical compound (unauthorised),Fishes not identified
854,allergens,"nuts, nut products and seeds",cereals containing gluten and products thereof,yogurt raisins
855,allergens,"cocoa and cocoa preparations, coffee and tea",milk and products thereof,chocolate
856,allergens,cereals and bakery products,milk and products thereof,cookies
857,chemical,fruits and vegetables,high content of cyanide,dried apricots
858,chemical,"meat, egg and dairy products",other,beef tallow
859,fraud,fruits and vegetables,sulphur dioxide and sulphites,sultanas
860,foreign bodies,"soups, broths, sauces and condiments",abnormal smell,mashed chickpeas (hummus)
861,allergens,cereals and bakery products,hazelnut,cakes
862,biological,seafood,too high content of fluorinated organic chemicals,trouts
863,foreign bodies,"meat, egg and dairy products",foreign bodies,chorizo sausage
864,allergens,"dietetic foods, food supplements, fortified foods",eggs and products thereof,dietary supplement
865,biological,"meat, egg and dairy products",salmonella,turkey and turkey preparations
866,biological,fruits and vegetables,enteroviruses,dates
867,foreign bodies,prepared dishes and snacks,glass fragment,frozen pizza
868,allergens,"nuts, nut products and seeds",almond,peanuts
869,allergens,"nuts, nut products and seeds",cashew,peanuts
870,biological,cereals and bakery products,moulds,bread
871,biological,"meat, egg and dairy products",salmonella,frozen fish burgers
872,fraud,"nuts, nut products and seeds",metal fragment,beverage
873,allergens,prepared dishes and snacks,milk and products thereof,potato chips
874,allergens,"cocoa and cocoa preparations, coffee and tea",hazelnut,chocolate
875,allergens,"nuts, nut products and seeds",nuts,peanuts
876,organoleptic aspects,cereals and bakery products,sesame seeds and products thereof,snacks (various)
877,organoleptic aspects,fruits and vegetables,milk and products thereof,desserts
878,allergens,prepared dishes and snacks,cereals,curry paste
879,foreign bodies,prepared dishes and snacks,plastic fragment,sauce
880,allergens,cereals and bakery products,milk and products thereof,pop corn
881,food additives and flavourings,prepared dishes and snacks,milk and products thereof,tortilla chips
882,biological,fruits and vegetables,abnormal smell,mushrooms
883,biological,fruits and vegetables,salmonella,coriander
884,food additives and flavourings,"nuts, nut products and seeds",cashew,white cheese
885,biological,prepared dishes and snacks,salmonella,pet feed
886,chemical,fruits and vegetables,sulphur dioxide,dried shitake mushrooms (lentinula edodes)
887,biological,seafood,other not classified biological hazards,shrimps
888,food additives and flavourings,fruits and vegetables,cereals containing gluten and products thereof,sauces
889,food additives and flavourings,ices and desserts,phenylpyrazole,ice cream
890,biological,prepared dishes and snacks,salmonella,dumplings
891,organoleptic aspects,fruits and vegetables,labelling/misdescription,mashed chickpeas (hummus)
892,chemical,"meat, egg and dairy products",toxin,cheddar cheese
893,allergens,prepared dishes and snacks,cereals containing gluten and products thereof,lasagne
894,other hazard,confectionery,other not classified,jellies
895,biological,"meat, egg and dairy products",listeria monocytogenes,cheese
896,biological,fruits and vegetables,listeria monocytogenes,courgettes
897,organoleptic aspects,herbs and spices,chemical,all purpose seasoning
898,chemical,"nuts, nut products and seeds",Aflatoxin,grapes
899,organoleptic aspects,fruits and vegetables,milk and products thereof,vegetable snack
900,allergens,cereals and bakery products,allergens,dumplings
901,biological,"meat, egg and dairy products",staphylococcus,gorgonzola cheese
902,chemical,cereals and bakery products,chemical compound (high content),cereal
903,allergens,cereals and bakery products,peanuts and products thereof,cookies
904,biological,fruits and vegetables,listeria monocytogenes,salad dressing
905,biological,cereals and bakery products,other not classified chemical hazards,buns
906,chemical,"dietetic foods, food supplements, fortified foods",unauthorised substance ethylene oxide,"dietetic foods, food supplements, fortified foods"
907,chemical,"dietetic foods, food supplements, fortified foods",unauthorised substance ethylene oxide,ground turmeric
908,allergens,cereals and bakery products,walnut,cakes
909,fraud,other food product / mixed,labelling/misdescription,dried shrimp noodles
910,foreign bodies,"soups, broths, sauces and condiments",plastic fragment,salt
911,biological,fruits and vegetables,listeria monocytogenes,salad dressing
912,food additives and flavourings,cereals and bakery products,milk and products thereof,cake decoration
913,biological,prepared dishes and snacks,listeria monocytogenes,cooked chicken
914,foreign bodies,"nuts, nut products and seeds",other not classified hazards for foreign bodies,anchovies in oil
915,chemical,other food product / mixed,too high content of tetrahydrocannabinol (THC),"dietetic foods, food supplements, fortified foods"
916,chemical,"cocoa and cocoa preparations, coffee and tea",phenylpyrazole,fruit juice
917,chemical,non-alcoholic beverages,phenylpyrazole,carbonated beverage
918,foreign bodies,prepared dishes and snacks,foreign bodies,frozen ready to cook chicken
919,biological,seafood,listeria monocytogenes,salmon
920,biological,fruits and vegetables,paralytic shellfish poisoning (psp) toxins,olives
921,foreign bodies,ices and desserts,plastic fragment,ice cream
922,chemical,seafood,unauthorised substance ethylene oxide,dried pangash
923,biological,fruits and vegetables,listeria spp,bean sprouts
924,chemical,seafood,other not classified biological hazards,tilapia
925,chemical,prepared dishes and snacks,unauthorised substance ethylene oxide,curry
926,biological,fruits and vegetables,dioxins,mixed vegetables
927,foreign bodies,fruits and vegetables,metal fragment,blueberries
928,biological,"dietetic foods, food supplements, fortified foods",pseudomonas spp.,probiotic food supplement
929,food additives and flavourings,cereals and bakery products,sesame seeds and products thereof,bakery products
930,fraud,fruits and vegetables,sulphates/sulphites,dried apricots
931,chemical,prepared dishes and snacks,unauthorised substance ethylene oxide,noodles
932,foreign bodies,"meat, egg and dairy products",sulfamethazine unauthorised,feta cheese
933,foreign bodies,cereals and bakery products,other not classified chemical hazards,drinking chocolate powder
934,food additives and flavourings,"dietetic foods, food supplements, fortified foods",taste disturbance,food supplement
935,fraud,cereals and bakery products,labelling/misdescription,dates
936,foreign bodies,"meat, egg and dairy products",metal fragment,raw goat milk cheese
937,allergens,"nuts, nut products and seeds",sulphur dioxide and sulphites,walnuts
938,chemical,prepared dishes and snacks,milk and products thereof,courgettes
939,chemical,seafood,abnormal smell,turbot flatfish (psetta maxima)
940,biological,seafood,poor hygienic state,tuna
941,allergens,"cocoa and cocoa preparations, coffee and tea",eggs and products thereof,confectionery
942,chemical,cereals and bakery products,chemical compound (high content),corn
943,chemical,cereals and bakery products,insects,rice
944,organoleptic aspects,"nuts, nut products and seeds",abnormal smell,halva
945,food additives and flavourings,cereals and bakery products,nuts,chocolate chips
946,fraud,other food product / mixed,inspection issues,fish and fish products
947,biological,"soups, broths, sauces and condiments",salmonella,pork preparation
948,allergens,"meat, egg and dairy products",insufficient labelling/documentation,thermal processed beef meat
949,biological,fruits and vegetables,listeria monocytogenes,potatoes
950,allergens,"cocoa and cocoa preparations, coffee and tea",milk and products thereof,dark chocolates
951,chemical,prepared dishes and snacks,other,chicken based products
952,other hazard,"nuts, nut products and seeds",pathogenic bacteria,fresh vegetables
953,allergens,cereals and bakery products,cereals containing gluten and products thereof,tortilla
954,allergens,confectionery,eggs and products thereof,yoghurt
955,biological,fruits and vegetables,chemical compound (high content),fruit mix
956,biological,fruits and vegetables,phenylpyrazole,fresh mushrooms
957,chemical,fruits and vegetables,chemical compound (high content),fresh mushrooms
958,fraud,fruits and vegetables,sulphates/sulphites,plums
959,chemical,"meat, egg and dairy products",foreign bodies,halloumi cheese
960,biological,seafood,norovirus,oysters
961,other hazard,confectionery,other not classified,jellies
962,chemical,fruits and vegetables,chemical compound (high content),coconut milk
963,foreign bodies,cereals and bakery products,phenylpyrazole,cookies
964,biological,seafood,norovirus,oysters
965,biological,"nuts, nut products and seeds",salmonella,poppy
966,chemical,confectionery,phenylpyrazole,confectionery
967,chemical,"nuts, nut products and seeds",abnormal smell,dried coconut
968,biological,"nuts, nut products and seeds",salmonella,poppy
969,allergens,prepared dishes and snacks,milk and products thereof,cream cheese
970,food additives and flavourings,cereals and bakery products,cereals containing gluten and products thereof,soy sauce
971,biological,seafood,virus,dried shrimp noodles
972,foreign bodies,prepared dishes and snacks,metal fragment,thermal processed pork meat
973,organoleptic aspects,"meat, egg and dairy products",metal fragment,hot dog sausages
974,allergens,seafood,cashew,golden raisins/sultanas
975,biological,"nuts, nut products and seeds",peanuts and products thereof,peanuts
976,foreign bodies,fruits and vegetables,metal fragment,ginseng powder
977,biological,"nuts, nut products and seeds",salmonella,peanuts
978,allergens,ices and desserts,labelling/misdescription,ice cream
979,allergens,confectionery,peanuts and products thereof,almonds
980,biological,"nuts, nut products and seeds",peanuts and products thereof,peanuts
981,allergens,fruits and vegetables,eggs and products thereof,prepared salads
982,biological,seafood,norovirus,prawns
983,biological,"meat, egg and dairy products",salmonella,infant formula
984,chemical,fruits and vegetables,norovirus,raspberries
985,foreign bodies,"cocoa and cocoa preparations, coffee and tea",glass fragment,camembert
986,foreign bodies,prepared dishes and snacks,labelling/misdescription,tomato sauce
987,fraud,"meat, egg and dairy products",inspection issues,minced pork
988,chemical,honey and royal jelly,unauthorised substance sildenafil,honey
989,chemical,herbs and spices,labelling/misdescription,dressing sauces
990,chemical,"nuts, nut products and seeds",cereals,gluten free bread
991,allergens,"cocoa and cocoa preparations, coffee and tea",milk and products thereof,chocolate
992,other hazard,"meat, egg and dairy products",phenylpyrazole,chicken based products
993,biological,fruits and vegetables,salmonella,sunflower seed
994,foreign bodies,seafood,plastic fragment,fish products
995,chemical,confectionery,alkaloids,tortilla chips
996,organoleptic aspects,"cocoa and cocoa preparations, coffee and tea",milk and products thereof,chocolate bars
